{"phi":{"10":-0.4,"0":-0.4,"3":-0.4,"1":-0.4,"2":-0.4,"4":-0.4,"9":-0.4,"8":-0.4,"7":-0.4,"6":-0.4,"5":-0.4,"11":-0.4,"14":-0.4,"13":-0.4,"12":-0.4,"15":-0.4,"23":-0.4,"16":-0.4,"17":-0.4,"18":-0.4,"24":-0.4,"25":-0.4,"26":-0.4,"27":-0.4,"29":-0.4,"31":-0.3333333333,"19":-0.3333333333,"20":-0.3333333333,"21":-0.3333333333,"22":-0.3333333333,"28":-0.3333333333,"30":-0.3333333333,"33":-0.3333333333,"32":-0.3333333333,"34":-0.3333333333,"35":-0.3333333333,"37":-0.3333333333,"38":-0.3333333333,"36":-0.3333333333,"39":-0.3333333333,"40":-0.3333333333,"41":-0.3333333333,"42":-0.3333333333,"48":-0.3333333333,"43":-0.3333333333,"49":-0.3333333333,"50":-0.3333333333,"51":-0.3333333333,"52":-0.3333333333,"57":-0.3333333333,"53":-0.2666666667,"44":-0.2666666667,"45":-0.2666666667,"46":-0.2666666667,"47":-0.2666666667,"54":-0.2666666667,"56":-0.2666666667,"55":-0.2666666667,"58":-0.2666666667,"59":-0.2666666667,"60":-0.2666666667,"61":-0.2666666667,"63":-0.2666666667,"64":-0.2666666667,"62":-0.2666666667,"65":-0.2666666667,"66":-0.2666666667,"67":-0.2666666667,"68":-0.2666666667,"74":-0.2666666667,"73":-0.2666666667,"75":-0.2666666667,"76":-0.2666666667,"77":-0.2666666667,"80":-0.2666666667,"78":-0.2,"69":-0.2,"70":-0.2,"71":-0.2,"72":-0.2,"79":-0.2,"81":-0.2,"82":-0.2,"84":-0.2,"83":-0.2,"85":-0.2,"87":-0.2,"88":-0.2,"89":-0.2,"86":-0.2,"90":-0.2,"91":-0.2,"92":-0.2,"94":-0.2,"93":-0.2,"95":-0.2,"96":-0.2,"97":-0.2,"99":-0.2,"98":-0.2},"pi":{"10":-32.0,"0":-32.0,"3":-32.0,"1":-32.0,"2":-32.0,"4":-24.0,"9":-24.0,"8":-24.0,"7":-24.0,"6":-24.0,"5":-16.0,"11":-16.0,"14":-16.0,"13":-16.0,"12":-16.0,"15":-8.0,"23":-8.0,"16":-8.0,"17":-8.0,"18":-8.0,"24":0.0,"25":0.0,"26":0.0,"27":0.0,"29":0.0,"31":-32.0,"19":-32.0,"20":-32.0,"21":-32.0,"22":-32.0,"28":-24.0,"30":-24.0,"33":-24.0,"32":-24.0,"34":-24.0,"35":-16.0,"37":-16.0,"38":-16.0,"36":-16.0,"39":-16.0,"40":-8.0,"41":-8.0,"42":-8.0,"48":-8.0,"43":-8.0,"49":0.0,"50":0.0,"51":0.0,"52":0.0,"57":0.0,"53":-32.0,"44":-32.0,"45":-32.0,"46":-32.0,"47":-32.0,"54":-24.0,"56":-24.0,"55":-24.0,"58":-24.0,"59":-24.0,"60":-16.0,"61":-16.0,"63":-16.0,"64":-16.0,"62":-16.0,"65":-8.0,"66":-8.0,"67":-8.0,"68":-8.0,"74":-8.0,"73":0.0,"75":0.0,"76":0.0,"77":0.0,"80":0.0,"78":-32.0,"69":-32.0,"70":-32.0,"71":-32.0,"72":-32.0,"79":-24.0,"81":-24.0,"82":-24.0,"84":-24.0,"83":-24.0,"85":-16.0,"87":-16.0,"88":-16.0,"89":-16.0,"86":-16.0,"90":-8.0,"91":-8.0,"92":-8.0,"94":-8.0,"93":-8.0,"95":0.0,"96":0.0,"97":0.0,"99":0.0,"98":0.0},"theta":{"10":0.0,"0":0.5,"3":1.0,"1":1.5,"2":2.0,"4":0.0,"9":0.5,"8":1.0,"7":1.5,"6":2.0,"5":0.0,"11":0.5,"14":1.0,"13":1.5,"12":2.0,"15":0.0,"23":0.5,"16":1.0,"17":1.5,"18":2.0,"24":0.0,"25":0.5,"26":1.0,"27":1.5,"29":2.0,"31":0.0,"19":0.5,"20":1.0,"21":1.5,"22":2.0,"28":0.0,"30":0.5,"33":1.0,"32":1.5,"34":2.0,"35":0.0,"37":0.5,"38":1.0,"36":1.5,"39":2.0,"40":0.0,"41":0.5,"42":1.0,"48":1.5,"43":2.0,"49":0.0,"50":0.5,"51":1.0,"52":1.5,"57":2.0,"53":0.0,"44":0.5,"45":1.0,"46":1.5,"47":2.0,"54":0.0,"56":0.5,"55":1.0,"58":1.5,"59":2.0,"60":0.0,"61":0.5,"63":1.0,"64":1.5,"62":2.0,"65":0.0,"66":0.5,"67":1.0,"68":1.5,"74":2.0,"73":0.0,"75":0.5,"76":1.0,"77":1.5,"80":2.0,"78":0.0,"69":0.5,"70":1.0,"71":1.5,"72":2.0,"79":0.0,"81":0.5,"82":1.0,"84":1.5,"83":2.0,"85":0.0,"87":0.5,"88":1.0,"89":1.5,"86":2.0,"90":0.0,"91":0.5,"92":1.0,"94":1.5,"93":2.0,"95":0.0,"96":0.5,"97":1.0,"99":1.5,"98":2.0},"qlr":{"10":4.1307065925,"0":0.0,"3":0.0,"1":0.0,"2":0.0,"4":5.2560480316,"9":6.937761225,"8":6.0744005205,"7":5.9471972349,"6":5.8508407255,"5":6.2920589905,"11":7.4736911398,"14":6.397593879,"13":7.4668741053,"12":6.776169459,"15":6.2397886098,"23":7.5193641844,"16":7.1437943156,"17":6.8931260983,"18":7.6500219294,"24":6.6143568519,"25":6.9553049051,"26":7.8668383968,"27":8.3376096137,"29":7.290850099,"31":6.3167139681,"19":0.0,"20":0.0,"21":0.0,"22":0.0,"28":6.8413973907,"30":8.1706032751,"33":7.250619133,"32":6.6586678174,"34":6.7301453329,"35":6.7602619949,"37":7.9671994886,"38":8.4426297725,"36":7.1187581574,"39":7.2238263401,"40":7.3382987242,"41":8.5905385499,"42":7.74420907,"48":7.4272695236,"43":7.3699940495,"49":8.2833540474,"50":6.9234826757,"51":7.1022594941,"52":7.0140379598,"57":6.8061499212,"53":5.3700776528,"44":0.0,"45":0.0,"46":0.0,"47":0.0,"54":7.5420089219,"56":6.7553586937,"55":7.7850805152,"58":7.0694305209,"59":5.5230836765,"60":6.1762254072,"61":6.9980866735,"63":7.2086831221,"64":6.7215591143,"62":5.9274011863,"65":5.9044782853,"66":6.8774034529,"67":6.7977336865,"68":7.2453039677,"74":5.6797393758,"73":5.9600385218,"75":8.2065644126,"76":8.0689177448,"77":5.6392553057,"80":6.0936976738,"78":5.001159894,"69":0.0,"70":0.0,"71":0.0,"72":0.0,"79":5.8886894706,"81":7.3710293885,"82":6.8788401023,"84":6.4334414166,"83":4.3439611662,"85":5.3583947691,"87":7.4216411864,"88":7.1491687305,"89":6.4383438122,"86":5.3065392139,"90":7.0254332868,"91":7.5196753981,"92":7.098572032,"94":6.4994320946,"93":4.3147706802,"95":6.9078715753,"96":6.7280091588,"97":5.9782501587,"99":5.4209781044,"98":4.8401601767}}