{"phi":{"3":-0.9,"6":-0.9,"7":-0.9,"1":-0.9,"4":-0.9,"5":-0.9,"0":-0.9,"2":-0.9,"8":-0.9,"9":-0.45,"11":-0.45,"13":-0.45,"10":-0.45,"14":-0.45,"15":-0.45,"12":-0.45,"16":-0.45,"17":-0.45,"20":0.0,"23":0.0,"25":0.0,"18":0.0,"24":0.0,"19":0.0,"26":0.0,"21":0.0,"22":0.0},"pi":{"3":-0.25,"6":-0.25,"7":-0.25,"1":-0.125,"4":-0.125,"5":-0.125,"0":0.0,"2":0.0,"8":0.0,"9":-0.25,"11":-0.25,"13":-0.25,"10":-0.125,"14":-0.125,"15":-0.125,"12":0.0,"16":0.0,"17":0.0,"20":-0.25,"23":-0.25,"25":-0.25,"18":-0.125,"24":-0.125,"19":-0.125,"26":0.0,"21":0.0,"22":0.0},"theta":{"3":0.2,"6":0.4,"7":0.6,"1":0.2,"4":0.4,"5":0.6,"0":0.2,"2":0.4,"8":0.6,"9":0.2,"11":0.4,"13":0.6,"10":0.2,"14":0.4,"15":0.6,"12":0.2,"16":0.4,"17":0.6,"20":0.2,"23":0.4,"25":0.6,"18":0.2,"24":0.4,"19":0.6,"26":0.2,"21":0.4,"22":0.6},"qlr":{"3":3.1879069379,"6":3.3010113286,"7":3.3902625251,"1":3.1069735384,"4":3.2294113182,"5":3.3301894357,"0":2.9032947049,"2":3.1525999846,"8":5.6970351372,"9":6.2709892763,"11":8.3610794695,"13":10.1157743823,"10":5.9914066968,"14":8.3198719982,"15":10.0818142089,"12":5.8522401959,"16":3.6891277736,"17":4.1017145263,"20":3.8670265697,"23":4.6840889456,"25":3.6392085434,"18":3.8670266775,"24":4.6840362823,"19":3.8115012279,"26":7.0547785433,"21":6.1023759785,"22":7.4890756474}}