{"phi":{"0":-0.3,"1":-0.3,"10":-0.3,"11":-0.3,"12":-0.3,"13":-0.3,"14":-0.3,"15":-0.3,"16":-0.3,"17":-0.3,"18":-0.3,"19":-0.3,"2":-0.3,"20":-0.3,"21":-0.3,"22":-0.3,"23":-0.3,"24":-0.3,"3":-0.3,"4":-0.3,"5":-0.3,"6":-0.3,"7":-0.3,"8":-0.3,"9":-0.3},"pi":{"0":-16,"1":-16,"10":-16,"11":-12,"12":-8,"13":-8,"14":-4,"15":-4,"16":-4,"17":-8,"18":-4,"19":-4,"2":-16,"20":0,"21":0,"22":0,"23":0,"24":0,"3":-8,"4":-12,"5":-16,"6":-12,"7":-12,"8":-12,"9":-8},"theta":{"0":1.25,"1":0.0,"10":3.75,"11":3.75,"12":2.5,"13":5.0,"14":2.5,"15":1.25,"16":5.0,"17":3.75,"18":3.75,"19":0.0,"2":2.5,"20":0.0,"21":5.0,"22":1.25,"23":2.5,"24":3.75,"3":0.0,"4":1.25,"5":5.0,"6":0.0,"7":5.0,"8":2.5,"9":1.25},"qlr":{"0":0.0,"1":0.0,"10":4.5829363285,"11":4.504530464,"12":6.421100989,"13":3.9002811264,"14":0.0,"15":5.6410968161,"16":4.8205434416,"17":6.2101844831,"18":5.6283526944,"19":6.2163597167,"2":0.0,"20":2.7542670595,"21":3.7223980252,"22":6.0666002176,"23":5.159946054,"24":4.8342745894,"3":1.3851045626,"4":2.9062372184,"5":5.2518727369,"6":2.4774216721,"7":4.8719648146,"8":5.1311984739,"9":5.238214604}}