{"phi":{"0":-0.31,"1":-0.31,"10":-0.31,"11":-0.31,"12":-0.31,"13":-0.31,"14":-0.31,"15":-0.31,"16":-0.31,"17":-0.31,"18":-0.31,"19":-0.31,"2":-0.31,"20":-0.31,"21":-0.31,"22":-0.31,"23":-0.31,"24":-0.31,"3":-0.31,"4":-0.31,"5":-0.31,"6":-0.31,"7":-0.31,"8":-0.31,"9":-0.31},"pi":{"0":-6.0,"1":-6.0,"10":-3.0,"11":-3.0,"12":-3.0,"13":-1.5,"14":-3.0,"15":-3.0,"16":0.0,"17":-1.5,"18":-1.5,"19":-1.5,"2":-4.5,"20":-1.5,"21":0.0,"22":0.0,"23":0.0,"24":0.0,"3":-4.5,"4":-6.0,"5":-6.0,"6":-4.5,"7":-6.0,"8":-4.5,"9":-4.5},"theta":{"0":10.0,"1":2.5,"10":5.0,"11":0.0,"12":10.0,"13":0.0,"14":7.5,"15":2.5,"16":0.0,"17":10.0,"18":7.5,"19":5.0,"2":2.5,"20":2.5,"21":5.0,"22":2.5,"23":7.5,"24":10.0,"3":0.0,"4":0.0,"5":7.5,"6":5.0,"7":5.0,"8":10.0,"9":7.5},"qlr":{"0":4.7169189389,"1":4.6340646027,"10":5.5848616721,"11":4.5784821872,"12":4.9008168617,"13":4.3292684711,"14":5.5639126126,"15":5.2265437134,"16":3.6691305169,"17":4.0633794121,"18":5.4788369914,"19":5.3874544873,"2":0.0,"20":4.560496158,"21":5.1148175181,"22":5.0784003563,"23":5.0587381977,"24":3.5117424855,"3":5.1386233806,"4":5.337867819,"5":5.4560082629,"6":5.7540057438,"7":4.835832382,"8":5.0261621291,"9":5.2261842099}}